<?xml version="1.0" encoding="UTF-8"?>
<!DOCTYPE mapper
  PUBLIC "-//mybatis.org//DTD Mapper 3.0//EN"
  "https://mybatis.org/dtd/mybatis-3-mapper.dtd">
<mapper namespace="com.ssafy.model.dao.MemberDAO">
	<insert id="insert" parameterType="MemberDTO">
		Insert into member (userid,
		userpw, name)
		values (#{userid},#{userpw} ,#{name} );-- 여기는 dto의 변수명
	</insert>


</mapper>
















<!-- <mapper namespace="com.ssafy.board.model.dao.BoardDao">DAO의 풀패키지명 적어야함 
	<resultMap type="Board" id="boardMap"> <result column="view_cnt" property="viewCnt"/> 
	<result column="reg_date" property="regDate"/> </resultMap> 전체 게시글 조회 <select 
	id="selectAll" resultType="Board"> SELECT id, title, writer, content, reg_date 
	as regDate, view_cnt as viewCnt FROM board; </select> 상세 게시글 조회 <select id="selectOne" 
	resultType="Board" parameterType="int"> SELECT * FROM board WHERE id = #{id} 
	</select> 게시글 등록 <insert id="insertBoard" parameterType="Board"> INSERT INTO 
	board (title,writer,content) VALUES (#{title},#{writer},#{content}) </insert> 
	게시글 삭제 <delete id="deleteBoard" parameterType="int"> DELETE FROM board WHERE 
	id = #{id}; </delete> 게시글 수정 <update id="updateBoard" parameterType="Board"> 
	UPDATE board SET title = #{title}, content = #{content} WHERE id = #{id}; 
	</update> 조회수 증가 <update id="updateViewCnt" parameterType="int"> UPDATE board 
	SET view_cnt = view_cnt+1 WHERE id = #{id} </update> </mapper> -->