<?xml version="1.0" encoding="UTF-8" ?>
<!DOCTYPE mapper
  PUBLIC "-//mybatis.org//DTD Mapper 3.0//EN"
  "https://mybatis.org/dtd/mybatis-3-mapper.dtd">
<mapper namespace="com.ssafy.mvc.model.dao.BoardDao">


	<!-- 전체 게시글 조회 -->
	<select id="selectAll" >
		SELECT *
		FROM board;
	</select>
	
	<!-- 상세 게시글 조회 -->
	<select id="selectOne" >
		SELECT * FROM board
		WHERE id = #{id};
	</select>
	
	<!-- 게시글 등록 -->
	<insert id="insertBoard" parameterType="Board">
		INSERT INTO borad (title, writers, content)
		VALUES (#{title}, #{writer}, #{content});
	</insert>
	
	<!-- 게시글 삭제 -->
	<update id="deleteBoard" parameterType="int">
		DELETE FROM board
		WHERE id = #{id};
	</update>
	
	<!-- 게시글 수정 -->
	<delete id="updateBoard" parameterType="int">
		UPDATE board
		SET title = #{title}, content = #{content}, reg_date = now()
	</delete>
	
	<!-- 조회수 증가 -->
	<update id="updateViewCnt" parameterType="int">
		UPDATE board
		SET view_cnt = view_cnt+1
		WHERE id = #{id}
	</update>
</mapper>